<?xml version="1.0" encoding="UTF-8"?>
<project-private xmlns="http://www.netbeans.org/ns/project-private/1">
    <editor-bookmarks xmlns="http://www.netbeans.org/ns/editor-bookmarks/2" lastBookmarkId="0"/>
    <open-files xmlns="http://www.netbeans.org/ns/projectui-open-files/2">
        <group>
            <file>file:/C:/Users/Barry/Documents/Teaching/College%20of%20DuPage/CIS2571/Week%2011/Source%20Code/HomeworkCh11/src/homeworkch11/Rectangle.java</file>
            <file>file:/C:/Users/Barry/Documents/Teaching/College%20of%20DuPage/CIS2571/Week%2011/Source%20Code/HomeworkCh11/src/homeworkch11/Circle.java</file>
            <file>file:/C:/Users/Barry/Documents/Teaching/College%20of%20DuPage/CIS2571/Week%2011/Source%20Code/HomeworkCh11/src/homeworkch11/HomeworkCh11.java</file>
        </group>
    </open-files>
</project-private>
