<?xml version="1.0" encoding="UTF-8"?>
<project-private xmlns="http://www.netbeans.org/ns/project-private/1">
    <editor-bookmarks xmlns="http://www.netbeans.org/ns/editor-bookmarks/2" lastBookmarkId="0"/>
    <open-files xmlns="http://www.netbeans.org/ns/projectui-open-files/2">
        <group>
            <file>file:/F:/Documents/CIS/CIS-2571/Lab%20Ch12/ShapeDemo/src/shapedemo/ShapeDemo.java</file>
            <file>file:/F:/Documents/CIS/CIS-2571/Lab%20Ch12/ShapeDemo/src/shapedemo/IllegalTriangleException.java</file>
            <file>file:/F:/Documents/CIS/CIS-2571/Lab%20Ch12/ShapeDemo/src/shapedemo/Circle.java</file>
            <file>file:/F:/Documents/CIS/CIS-2571/Lab%20Ch12/ShapeDemo/src/shapedemo/Triangle.java</file>
            <file>file:/F:/Documents/CIS/CIS-2571/Lab%20Ch12/ShapeDemo/src/shapedemo/GeometricObject.java</file>
        </group>
    </open-files>
</project-private>
