<?xml version="1.0" encoding="UTF-8"?>
<project-private xmlns="http://www.netbeans.org/ns/project-private/1">
    <editor-bookmarks xmlns="http://www.netbeans.org/ns/editor-bookmarks/2" lastBookmarkId="0"/>
    <open-files xmlns="http://www.netbeans.org/ns/projectui-open-files/2">
        <group>
            <file>file:/F:/Documents/CIS/CIS-2571/Homework%20Ch10/HomeworkCh10/src/homeworkch10/HomeworkCh10.java</file>
            <file>file:/F:/Documents/CIS/CIS-2571/Homework%20Ch10/HomeworkCh10/src/exercise09_07/Account.java</file>
        </group>
    </open-files>
</project-private>
